src_ip,dst_ip,length,payload,entropy,dpi_flag,protocol
192.168.14.228,10.0.119.91,44,GET /index.html HTTP/1.1,4.053508854797679,False,Other
192.168.131.140,10.0.73.13,44,GET /index.html HTTP/1.1,4.053508854797679,False,Other
192.168.125.185,10.0.113.239,44,GET /index.html HTTP/1.1,4.053508854797679,False,Other
192.168.153.30,10.0.31.81,44,GET /index.html HTTP/1.1,4.053508854797679,False,Other
192.168.86.231,10.0.54.127,34,HTTP POST data,3.03914867190307,False,Other
192.168.255.32,10.0.178.54,34,HTTP POST data,3.03914867190307,False,Other
192.168.253.185,10.0.35.30,34,HTTP POST data,3.03914867190307,False,Other
192.168.91.195,10.0.86.120,27,TCP ACK,2.5216406363433186,False,Other
192.168.121.62,10.0.37.47,27,TCP ACK,2.5216406363433186,False,Other
192.168.70.65,10.0.151.204,34,HTTP POST data,3.03914867190307,False,Other
192.168.236.146,10.0.36.95,44,powershell attack script,3.7201755214643453,True,Other
192.168.152.83,10.0.57.76,44,GET /index.html HTTP/1.1,4.053508854797679,False,Other
192.168.130.149,10.0.136.85,44,GET /index.html HTTP/1.1,4.053508854797679,False,Other
192.168.175.62,10.0.134.105,44,GET /index.html HTTP/1.1,4.053508854797679,False,Other
192.168.141.76,10.0.80.121,44,GET /index.html HTTP/1.1,4.053508854797679,False,Other
192.168.214.78,10.0.133.9,27,TCP ACK,2.5216406363433186,False,Other
192.168.210.135,10.0.238.171,33,TLS handshake,3.3927474104487847,False,Other
192.168.157.210,10.0.159.90,44,GET /index.html HTTP/1.1,4.053508854797679,False,Other
192.168.150.254,10.0.28.95,34,HTTP POST data,3.03914867190307,False,Other
192.168.5.199,10.0.4.145,34,HTTP POST data,3.03914867190307,False,Other
192.168.45.62,10.0.2.92,44,powershell attack script,3.7201755214643453,True,Other
192.168.100.48,10.0.202.126,44,GET /index.html HTTP/1.1,4.053508854797679,False,Other
192.168.231.215,10.0.91.63,34,HTTP POST data,3.03914867190307,False,Other
192.168.154.198,10.0.19.168,35,eval('exploit'),3.5068905956085183,True,Other
192.168.70.251,10.0.64.243,34,HTTP POST data,3.03914867190307,False,Other
192.168.100.166,10.0.48.55,34,HTTP POST data,3.03914867190307,False,Other
192.168.142.191,10.0.162.126,27,TCP ACK,2.5216406363433186,False,Other
192.168.202.38,10.0.75.21,44,GET /index.html HTTP/1.1,4.053508854797679,False,Other
192.168.76.242,10.0.151.5,33,TLS handshake,3.3927474104487847,False,Other
192.168.100.37,10.0.9.230,27,TCP ACK,2.5216406363433186,False,Other
192.168.156.162,10.0.209.51,44,GET /index.html HTTP/1.1,4.053508854797679,False,Other
192.168.128.119,10.0.249.31,33,TLS handshake,3.3927474104487847,False,Other
192.168.36.37,10.0.8.93,34,virus detected,3.182005814760214,True,Other
192.168.210.54,10.0.166.140,33,TLS handshake,3.3927474104487847,False,Other
192.168.7.151,10.0.237.161,44,GET /index.html HTTP/1.1,4.053508854797679,False,Other
192.168.240.75,10.0.209.55,27,TCP ACK,2.5216406363433186,False,Other
192.168.152.125,10.0.232.113,34,HTTP POST data,3.03914867190307,False,Other
192.168.254.193,10.0.69.17,33,TLS handshake,3.3927474104487847,False,Other
192.168.114.191,10.0.145.70,33,TLS handshake,3.3927474104487847,False,Other
192.168.189.183,10.0.114.14,27,TCP ACK,2.5216406363433186,False,Other
192.168.78.189,10.0.64.238,27,TCP ACK,2.5216406363433186,False,Other
192.168.37.23,10.0.149.100,33,TLS handshake,3.3927474104487847,False,Other
192.168.16.114,10.0.73.25,34,HTTP POST data,3.03914867190307,False,Other
192.168.37.47,10.0.137.27,33,TLS handshake,3.3927474104487847,False,Other
192.168.89.142,10.0.26.75,34,HTTP POST data,3.03914867190307,False,Other
192.168.110.253,10.0.180.169,27,TCP ACK,2.5216406363433186,False,Other
192.168.145.199,10.0.24.154,27,TCP ACK,2.5216406363433186,False,Other
192.168.100.143,10.0.15.215,33,TLS handshake,3.3927474104487847,False,Other
192.168.34.177,10.0.123.58,34,HTTP POST data,3.03914867190307,False,Other
192.168.92.226,10.0.154.238,27,TCP ACK,2.5216406363433186,False,Other
192.168.18.207,10.0.32.171,44,GET /index.html HTTP/1.1,4.053508854797679,False,Other
192.168.177.19,10.0.211.30,34,HTTP POST data,3.03914867190307,False,Other
192.168.114.87,10.0.230.133,34,HTTP POST data,3.03914867190307,False,Other
192.168.18.27,10.0.18.254,34,HTTP POST data,3.03914867190307,False,Other
192.168.114.99,10.0.235.229,34,HTTP POST data,3.03914867190307,False,Other
192.168.244.60,10.0.98.162,27,TCP ACK,2.5216406363433186,False,Other
192.168.96.8,10.0.166.182,27,TCP ACK,2.5216406363433186,False,Other
192.168.109.111,10.0.180.1,34,HTTP POST data,3.03914867190307,False,Other
192.168.112.95,10.0.84.134,42,cmd.exe /c malware.exe,3.386266142526533,True,Other
192.168.238.149,10.0.60.192,27,TCP ACK,2.5216406363433186,False,Other
192.168.48.169,10.0.21.240,33,TLS handshake,3.3927474104487847,False,Other
192.168.105.22,10.0.8.56,34,HTTP POST data,3.03914867190307,False,Other
192.168.161.88,10.0.73.215,33,TLS handshake,3.3927474104487847,False,Other
192.168.152.78,10.0.175.69,33,TLS handshake,3.3927474104487847,False,Other
192.168.65.145,10.0.105.57,33,TLS handshake,3.3927474104487847,False,Other
192.168.120.30,10.0.62.15,44,GET /index.html HTTP/1.1,4.053508854797679,False,Other
192.168.92.99,10.0.114.185,33,TLS handshake,3.3927474104487847,False,Other
192.168.49.207,10.0.47.163,27,TCP ACK,2.5216406363433186,False,Other
192.168.69.169,10.0.129.135,44,GET /index.html HTTP/1.1,4.053508854797679,False,Other
192.168.169.54,10.0.79.65,44,GET /index.html HTTP/1.1,4.053508854797679,False,Other
192.168.166.231,10.0.37.29,34,HTTP POST data,3.03914867190307,False,Other
192.168.88.119,10.0.64.246,27,TCP ACK,2.5216406363433186,False,Other
192.168.111.136,10.0.35.187,33,TLS handshake,3.3927474104487847,False,Other
192.168.64.220,10.0.180.28,33,TLS handshake,3.3927474104487847,False,Other
192.168.177.200,10.0.134.14,27,TCP ACK,2.5216406363433186,False,Other
192.168.100.207,10.0.235.218,44,GET /index.html HTTP/1.1,4.053508854797679,False,Other
192.168.161.117,10.0.151.197,27,TCP ACK,2.5216406363433186,False,Other
192.168.129.15,10.0.231.96,44,GET /index.html HTTP/1.1,4.053508854797679,False,Other
192.168.106.171,10.0.94.165,34,HTTP POST data,3.03914867190307,False,Other
192.168.95.35,10.0.75.85,44,GET /index.html HTTP/1.1,4.053508854797679,False,Other
192.168.58.242,10.0.94.140,27,TCP ACK,2.5216406363433186,False,Other
192.168.37.87,10.0.218.84,44,GET /index.html HTTP/1.1,4.053508854797679,False,Other
192.168.25.180,10.0.2.99,27,TCP ACK,2.5216406363433186,False,Other
192.168.198.233,10.0.2.177,44,GET /index.html HTTP/1.1,4.053508854797679,False,Other
192.168.166.221,10.0.199.181,44,GET /index.html HTTP/1.1,4.053508854797679,False,Other
192.168.177.10,10.0.57.181,44,GET /index.html HTTP/1.1,4.053508854797679,False,Other
192.168.229.33,10.0.27.178,35,eval('exploit'),3.5068905956085183,True,Other
192.168.57.192,10.0.5.162,27,TCP ACK,2.5216406363433186,False,Other
192.168.110.26,10.0.58.55,33,TLS handshake,3.3927474104487847,False,Other
192.168.82.201,10.0.72.149,44,GET /index.html HTTP/1.1,4.053508854797679,False,Other
192.168.210.146,10.0.65.117,34,HTTP POST data,3.03914867190307,False,Other
192.168.249.41,10.0.107.20,33,TLS handshake,3.3927474104487847,False,Other
192.168.22.172,10.0.63.185,33,TLS handshake,3.3927474104487847,False,Other
192.168.190.36,10.0.33.125,27,TCP ACK,2.5216406363433186,False,Other
192.168.205.101,10.0.33.130,33,TLS handshake,3.3927474104487847,False,Other
192.168.191.37,10.0.165.48,33,TLS handshake,3.3927474104487847,False,Other
192.168.196.85,10.0.143.145,33,TLS handshake,3.3927474104487847,False,Other
192.168.224.56,10.0.236.148,33,TLS handshake,3.3927474104487847,False,Other
192.168.181.69,10.0.242.35,27,TCP ACK,2.5216406363433186,False,Other
192.168.138.156,10.0.187.198,34,HTTP POST data,3.03914867190307,False,Other
192.168.212.55,10.0.170.188,44,GET /index.html HTTP/1.1,4.053508854797679,False,Other
192.168.19.139,10.0.174.39,34,HTTP POST data,3.03914867190307,False,Other
192.168.149.217,10.0.62.154,44,GET /index.html HTTP/1.1,4.053508854797679,False,Other
192.168.149.240,10.0.163.15,34,HTTP POST data,3.03914867190307,False,Other
192.168.136.58,10.0.28.38,33,TLS handshake,3.3927474104487847,False,Other
192.168.156.223,10.0.163.245,34,HTTP POST data,3.03914867190307,False,Other
192.168.143.234,10.0.111.134,27,TCP ACK,2.5216406363433186,False,Other
192.168.205.156,10.0.17.226,34,HTTP POST data,3.03914867190307,False,Other
192.168.165.55,10.0.110.166,33,TLS handshake,3.3927474104487847,False,Other
192.168.40.24,10.0.119.164,27,TCP ACK,2.5216406363433186,False,Other
192.168.147.160,10.0.179.109,35,eval('exploit'),3.5068905956085183,True,Other
192.168.192.176,10.0.182.159,42,cmd.exe /c malware.exe,3.386266142526533,True,Other
192.168.13.145,10.0.216.201,33,TLS handshake,3.3927474104487847,False,Other
192.168.246.53,10.0.135.78,44,GET /index.html HTTP/1.1,4.053508854797679,False,Other
192.168.142.184,10.0.220.38,34,HTTP POST data,3.03914867190307,False,Other
192.168.242.250,10.0.15.148,34,HTTP POST data,3.03914867190307,False,Other
192.168.27.220,10.0.209.160,44,GET /index.html HTTP/1.1,4.053508854797679,False,Other
192.168.149.88,10.0.182.98,34,HTTP POST data,3.03914867190307,False,Other
192.168.178.6,10.0.56.238,44,GET /index.html HTTP/1.1,4.053508854797679,False,Other
192.168.152.32,10.0.234.197,27,TCP ACK,2.5216406363433186,False,Other
192.168.58.184,10.0.140.27,33,TLS handshake,3.3927474104487847,False,Other
192.168.240.202,10.0.132.113,33,TLS handshake,3.3927474104487847,False,Other
192.168.41.43,10.0.91.214,34,HTTP POST data,3.03914867190307,False,Other
192.168.214.213,10.0.161.33,44,GET /index.html HTTP/1.1,4.053508854797679,False,Other
192.168.21.1,10.0.152.47,27,TCP ACK,2.5216406363433186,False,Other
192.168.188.160,10.0.221.179,27,TCP ACK,2.5216406363433186,False,Other
192.168.59.174,10.0.143.45,34,HTTP POST data,3.03914867190307,False,Other
192.168.25.54,10.0.191.47,27,TCP ACK,2.5216406363433186,False,Other
192.168.118.104,10.0.250.141,27,TCP ACK,2.5216406363433186,False,Other
192.168.213.37,10.0.210.95,34,HTTP POST data,3.03914867190307,False,Other
192.168.228.249,10.0.0.6,44,GET /index.html HTTP/1.1,4.053508854797679,False,Other
192.168.189.24,10.0.104.13,44,GET /index.html HTTP/1.1,4.053508854797679,False,Other
192.168.186.166,10.0.56.170,33,TLS handshake,3.3927474104487847,False,Other
192.168.253.79,10.0.93.24,27,TCP ACK,2.5216406363433186,False,Other
192.168.161.169,10.0.228.241,27,TCP ACK,2.5216406363433186,False,Other
192.168.150.14,10.0.165.223,27,TCP ACK,2.5216406363433186,False,Other
192.168.12.133,10.0.137.216,44,GET /index.html HTTP/1.1,4.053508854797679,False,Other
192.168.53.194,10.0.183.57,33,TLS handshake,3.3927474104487847,False,Other
192.168.92.110,10.0.23.193,33,TLS handshake,3.3927474104487847,False,Other
192.168.66.205,10.0.179.66,27,TCP ACK,2.5216406363433186,False,Other
192.168.34.178,10.0.180.143,34,HTTP POST data,3.03914867190307,False,Other
192.168.212.254,10.0.186.209,33,TLS handshake,3.3927474104487847,False,Other
192.168.253.182,10.0.59.190,44,GET /index.html HTTP/1.1,4.053508854797679,False,Other
192.168.192.22,10.0.185.162,34,HTTP POST data,3.03914867190307,False,Other
192.168.34.180,10.0.84.68,33,TLS handshake,3.3927474104487847,False,Other
192.168.97.132,10.0.236.25,44,GET /index.html HTTP/1.1,4.053508854797679,False,Other
192.168.165.198,10.0.63.111,44,GET /index.html HTTP/1.1,4.053508854797679,False,Other
192.168.151.240,10.0.67.205,34,HTTP POST data,3.03914867190307,False,Other
192.168.167.237,10.0.231.78,27,TCP ACK,2.5216406363433186,False,Other
192.168.218.234,10.0.173.148,33,TLS handshake,3.3927474104487847,False,Other
192.168.228.49,10.0.82.155,44,powershell attack script,3.7201755214643453,True,Other
192.168.31.55,10.0.92.196,27,TCP ACK,2.5216406363433186,False,Other
192.168.194.131,10.0.182.94,27,TCP ACK,2.5216406363433186,False,Other
192.168.49.10,10.0.135.171,33,TLS handshake,3.3927474104487847,False,Other
192.168.226.149,10.0.18.166,27,TCP ACK,2.5216406363433186,False,Other
192.168.9.174,10.0.60.225,35,eval('exploit'),3.5068905956085183,True,Other
192.168.52.192,10.0.167.53,34,HTTP POST data,3.03914867190307,False,Other
192.168.119.117,10.0.159.107,34,HTTP POST data,3.03914867190307,False,Other
192.168.160.175,10.0.57.7,34,HTTP POST data,3.03914867190307,False,Other
192.168.187.89,10.0.110.159,44,powershell attack script,3.7201755214643453,True,Other
192.168.165.125,10.0.227.67,33,TLS handshake,3.3927474104487847,False,Other
192.168.20.200,10.0.4.9,33,TLS handshake,3.3927474104487847,False,Other
192.168.240.209,10.0.168.65,44,GET /index.html HTTP/1.1,4.053508854797679,False,Other
192.168.181.245,10.0.135.241,27,TCP ACK,2.5216406363433186,False,Other
192.168.91.111,10.0.150.206,44,powershell attack script,3.7201755214643453,True,Other
192.168.93.198,10.0.251.26,44,powershell attack script,3.7201755214643453,True,Other
192.168.9.127,10.0.225.46,27,TCP ACK,2.5216406363433186,False,Other
192.168.144.232,10.0.48.143,34,HTTP POST data,3.03914867190307,False,Other
192.168.251.1,10.0.237.239,44,GET /index.html HTTP/1.1,4.053508854797679,False,Other
192.168.102.59,10.0.118.46,34,HTTP POST data,3.03914867190307,False,Other
192.168.135.37,10.0.246.63,34,virus detected,3.182005814760214,True,Other
192.168.140.86,10.0.167.187,44,GET /index.html HTTP/1.1,4.053508854797679,False,Other
192.168.143.7,10.0.241.107,33,TLS handshake,3.3927474104487847,False,Other
192.168.68.122,10.0.182.242,27,TCP ACK,2.5216406363433186,False,Other
192.168.148.19,10.0.168.199,33,TLS handshake,3.3927474104487847,False,Other
192.168.19.10,10.0.52.217,27,TCP ACK,2.5216406363433186,False,Other
192.168.93.106,10.0.119.221,44,GET /index.html HTTP/1.1,4.053508854797679,False,Other
192.168.54.21,10.0.39.122,33,TLS handshake,3.3927474104487847,False,Other
192.168.37.133,10.0.227.128,44,GET /index.html HTTP/1.1,4.053508854797679,False,Other
192.168.180.117,10.0.228.133,44,GET /index.html HTTP/1.1,4.053508854797679,False,Other
192.168.155.117,10.0.245.249,42,cmd.exe /c malware.exe,3.386266142526533,True,Other
192.168.180.90,10.0.79.31,33,TLS handshake,3.3927474104487847,False,Other
192.168.145.7,10.0.191.169,44,GET /index.html HTTP/1.1,4.053508854797679,False,Other
192.168.167.137,10.0.254.153,33,TLS handshake,3.3927474104487847,False,Other
192.168.0.136,10.0.135.236,34,HTTP POST data,3.03914867190307,False,Other
192.168.53.111,10.0.53.121,33,TLS handshake,3.3927474104487847,False,Other
192.168.221.208,10.0.88.235,33,TLS handshake,3.3927474104487847,False,Other
192.168.14.107,10.0.138.45,33,TLS handshake,3.3927474104487847,False,Other
192.168.173.148,10.0.209.131,34,HTTP POST data,3.03914867190307,False,Other
192.168.238.115,10.0.178.107,44,GET /index.html HTTP/1.1,4.053508854797679,False,Other
192.168.218.29,10.0.177.250,44,GET /index.html HTTP/1.1,4.053508854797679,False,Other
192.168.52.72,10.0.108.216,27,TCP ACK,2.5216406363433186,False,Other
192.168.254.108,10.0.239.116,27,TCP ACK,2.5216406363433186,False,Other
192.168.34.162,10.0.121.227,34,HTTP POST data,3.03914867190307,False,Other
192.168.109.183,10.0.75.201,34,HTTP POST data,3.03914867190307,False,Other
192.168.145.4,10.0.91.177,44,GET /index.html HTTP/1.1,4.053508854797679,False,Other
192.168.37.48,10.0.27.93,33,TLS handshake,3.3927474104487847,False,Other
192.168.224.143,10.0.149.53,33,TLS handshake,3.3927474104487847,False,Other
192.168.161.244,10.0.231.112,34,HTTP POST data,3.03914867190307,False,Other
192.168.231.104,10.0.0.158,35,eval('exploit'),3.5068905956085183,True,Other
192.168.61.123,10.0.150.15,44,GET /index.html HTTP/1.1,4.053508854797679,False,Other
192.168.244.17,10.0.49.4,27,TCP ACK,2.5216406363433186,False,Other
192.168.161.155,10.0.50.3,33,TLS handshake,3.3927474104487847,False,Other
192.168.49.163,10.0.209.62,44,GET /index.html HTTP/1.1,4.053508854797679,False,Other
192.168.146.181,10.0.96.64,27,TCP ACK,2.5216406363433186,False,Other
192.168.247.61,10.0.23.179,42,cmd.exe /c malware.exe,3.386266142526533,True,Other
192.168.36.240,10.0.170.241,34,HTTP POST data,3.03914867190307,False,Other
192.168.214.187,10.0.245.90,33,TLS handshake,3.3927474104487847,False,Other
192.168.85.231,10.0.96.181,33,TLS handshake,3.3927474104487847,False,Other
192.168.33.159,10.0.76.213,34,HTTP POST data,3.03914867190307,False,Other
192.168.129.77,10.0.99.12,33,TLS handshake,3.3927474104487847,False,Other
192.168.69.159,10.0.58.241,27,TCP ACK,2.5216406363433186,False,Other
192.168.212.64,10.0.198.132,44,GET /index.html HTTP/1.1,4.053508854797679,False,Other
192.168.247.193,10.0.113.117,44,GET /index.html HTTP/1.1,4.053508854797679,False,Other
192.168.71.160,10.0.28.146,34,HTTP POST data,3.03914867190307,False,Other
192.168.171.177,10.0.100.250,34,HTTP POST data,3.03914867190307,False,Other
192.168.68.117,10.0.231.179,34,HTTP POST data,3.03914867190307,False,Other
192.168.73.120,10.0.16.2,33,TLS handshake,3.3927474104487847,False,Other
192.168.212.62,10.0.187.112,33,TLS handshake,3.3927474104487847,False,Other
192.168.1.90,10.0.97.46,34,HTTP POST data,3.03914867190307,False,Other
192.168.56.190,10.0.238.42,33,TLS handshake,3.3927474104487847,False,Other
192.168.218.194,10.0.48.232,34,HTTP POST data,3.03914867190307,False,Other
192.168.182.139,10.0.7.56,34,HTTP POST data,3.03914867190307,False,Other
192.168.181.197,10.0.43.241,44,GET /index.html HTTP/1.1,4.053508854797679,False,Other
192.168.247.249,10.0.22.15,44,GET /index.html HTTP/1.1,4.053508854797679,False,Other
192.168.62.238,10.0.36.167,34,HTTP POST data,3.03914867190307,False,Other
192.168.37.227,10.0.24.162,44,GET /index.html HTTP/1.1,4.053508854797679,False,Other
192.168.210.226,10.0.206.167,33,TLS handshake,3.3927474104487847,False,Other
192.168.85.84,10.0.24.132,33,TLS handshake,3.3927474104487847,False,Other
192.168.139.20,10.0.247.129,33,TLS handshake,3.3927474104487847,False,Other
192.168.198.219,10.0.164.244,34,HTTP POST data,3.03914867190307,False,Other
192.168.93.250,10.0.48.43,27,TCP ACK,2.5216406363433186,False,Other
192.168.112.183,10.0.215.155,33,TLS handshake,3.3927474104487847,False,Other
192.168.93.127,10.0.169.70,44,GET /index.html HTTP/1.1,4.053508854797679,False,Other
192.168.246.244,10.0.241.21,44,GET /index.html HTTP/1.1,4.053508854797679,False,Other
192.168.3.125,10.0.125.94,44,GET /index.html HTTP/1.1,4.053508854797679,False,Other
192.168.140.25,10.0.58.127,34,HTTP POST data,3.03914867190307,False,Other
192.168.109.1,10.0.23.88,34,virus detected,3.182005814760214,True,Other
192.168.207.38,10.0.238.121,44,GET /index.html HTTP/1.1,4.053508854797679,False,Other
192.168.115.138,10.0.129.123,33,TLS handshake,3.3927474104487847,False,Other
192.168.221.118,10.0.68.128,44,GET /index.html HTTP/1.1,4.053508854797679,False,Other
192.168.11.172,10.0.17.201,33,TLS handshake,3.3927474104487847,False,Other
192.168.94.76,10.0.93.41,33,TLS handshake,3.3927474104487847,False,Other
192.168.39.65,10.0.134.162,34,HTTP POST data,3.03914867190307,False,Other
192.168.17.79,10.0.55.79,44,powershell attack script,3.7201755214643453,True,Other
192.168.185.11,10.0.124.229,33,TLS handshake,3.3927474104487847,False,Other
192.168.233.46,10.0.185.32,27,TCP ACK,2.5216406363433186,False,Other
192.168.68.222,10.0.150.252,34,HTTP POST data,3.03914867190307,False,Other
192.168.160.144,10.0.95.183,44,GET /index.html HTTP/1.1,4.053508854797679,False,Other
192.168.89.51,10.0.69.107,34,HTTP POST data,3.03914867190307,False,Other
192.168.140.223,10.0.57.165,44,GET /index.html HTTP/1.1,4.053508854797679,False,Other
192.168.234.75,10.0.108.110,34,HTTP POST data,3.03914867190307,False,Other
192.168.157.103,10.0.97.102,27,TCP ACK,2.5216406363433186,False,Other
192.168.24.165,10.0.141.109,44,GET /index.html HTTP/1.1,4.053508854797679,False,Other
192.168.223.115,10.0.179.202,35,eval('exploit'),3.5068905956085183,True,Other
192.168.236.92,10.0.114.17,34,HTTP POST data,3.03914867190307,False,Other
192.168.45.31,10.0.124.177,34,virus detected,3.182005814760214,True,Other
192.168.237.69,10.0.147.172,27,TCP ACK,2.5216406363433186,False,Other
192.168.90.145,10.0.38.72,44,GET /index.html HTTP/1.1,4.053508854797679,False,Other
192.168.119.30,10.0.77.25,33,TLS handshake,3.3927474104487847,False,Other
192.168.53.218,10.0.202.147,34,HTTP POST data,3.03914867190307,False,Other
192.168.129.130,10.0.249.48,33,TLS handshake,3.3927474104487847,False,Other
192.168.180.161,10.0.48.20,44,GET /index.html HTTP/1.1,4.053508854797679,False,Other
192.168.108.156,10.0.243.66,34,virus detected,3.182005814760214,True,Other
192.168.177.18,10.0.144.107,34,HTTP POST data,3.03914867190307,False,Other
192.168.241.62,10.0.15.16,27,TCP ACK,2.5216406363433186,False,Other
192.168.60.53,10.0.254.12,33,TLS handshake,3.3927474104487847,False,Other
192.168.54.199,10.0.112.124,34,HTTP POST data,3.03914867190307,False,Other
192.168.29.83,10.0.115.214,34,HTTP POST data,3.03914867190307,False,Other
192.168.63.217,10.0.155.58,44,GET /index.html HTTP/1.1,4.053508854797679,False,Other
192.168.46.42,10.0.173.190,44,GET /index.html HTTP/1.1,4.053508854797679,False,Other
192.168.2.16,10.0.6.144,33,TLS handshake,3.3927474104487847,False,Other
192.168.206.243,10.0.47.140,44,GET /index.html HTTP/1.1,4.053508854797679,False,Other
192.168.71.74,10.0.143.33,34,HTTP POST data,3.03914867190307,False,Other
192.168.154.84,10.0.208.198,33,TLS handshake,3.3927474104487847,False,Other
192.168.44.84,10.0.176.160,33,TLS handshake,3.3927474104487847,False,Other
192.168.248.17,10.0.91.150,27,TCP ACK,2.5216406363433186,False,Other
192.168.50.244,10.0.117.243,33,TLS handshake,3.3927474104487847,False,Other
192.168.34.110,10.0.114.128,44,GET /index.html HTTP/1.1,4.053508854797679,False,Other
192.168.96.78,10.0.192.208,33,TLS handshake,3.3927474104487847,False,Other
192.168.140.113,10.0.81.40,34,HTTP POST data,3.03914867190307,False,Other
192.168.190.85,10.0.40.77,33,TLS handshake,3.3927474104487847,False,Other
192.168.53.167,10.0.40.112,44,GET /index.html HTTP/1.1,4.053508854797679,False,Other
192.168.49.44,10.0.120.117,44,GET /index.html HTTP/1.1,4.053508854797679,False,Other
192.168.166.101,10.0.145.148,34,HTTP POST data,3.03914867190307,False,Other
192.168.208.48,10.0.173.143,34,HTTP POST data,3.03914867190307,False,Other
192.168.97.198,10.0.105.130,27,TCP ACK,2.5216406363433186,False,Other
192.168.162.101,10.0.166.176,34,HTTP POST data,3.03914867190307,False,Other
192.168.85.52,10.0.153.248,44,GET /index.html HTTP/1.1,4.053508854797679,False,Other
192.168.182.59,10.0.192.77,42,cmd.exe /c malware.exe,3.386266142526533,True,Other
192.168.47.226,10.0.132.26,44,GET /index.html HTTP/1.1,4.053508854797679,False,Other
192.168.59.119,10.0.96.9,33,TLS handshake,3.3927474104487847,False,Other
192.168.57.254,10.0.93.60,34,HTTP POST data,3.03914867190307,False,Other
192.168.18.112,10.0.15.185,27,TCP ACK,2.5216406363433186,False,Other
192.168.251.167,10.0.162.64,44,GET /index.html HTTP/1.1,4.053508854797679,False,Other
192.168.220.233,10.0.106.232,33,TLS handshake,3.3927474104487847,False,Other
192.168.5.234,10.0.96.101,44,GET /index.html HTTP/1.1,4.053508854797679,False,Other
192.168.77.141,10.0.2.109,34,HTTP POST data,3.03914867190307,False,Other
192.168.134.41,10.0.212.224,34,virus detected,3.182005814760214,True,Other
192.168.47.198,10.0.100.169,34,HTTP POST data,3.03914867190307,False,Other
192.168.124.210,10.0.128.75,33,TLS handshake,3.3927474104487847,False,Other
192.168.164.19,10.0.26.30,33,TLS handshake,3.3927474104487847,False,Other
192.168.42.197,10.0.203.148,34,HTTP POST data,3.03914867190307,False,Other
192.168.80.240,10.0.220.163,34,HTTP POST data,3.03914867190307,False,Other
192.168.85.2,10.0.191.129,33,TLS handshake,3.3927474104487847,False,Other
192.168.138.72,10.0.13.188,44,GET /index.html HTTP/1.1,4.053508854797679,False,Other
192.168.193.101,10.0.50.27,27,TCP ACK,2.5216406363433186,False,Other
192.168.132.169,10.0.160.71,44,GET /index.html HTTP/1.1,4.053508854797679,False,Other
192.168.117.178,10.0.72.214,34,HTTP POST data,3.03914867190307,False,Other
192.168.8.31,10.0.32.44,34,HTTP POST data,3.03914867190307,False,Other
192.168.209.150,10.0.26.63,33,TLS handshake,3.3927474104487847,False,Other
192.168.48.145,10.0.31.242,34,HTTP POST data,3.03914867190307,False,Other
192.168.240.27,10.0.110.72,33,TLS handshake,3.3927474104487847,False,Other
192.168.36.175,10.0.115.61,27,TCP ACK,2.5216406363433186,False,Other
192.168.115.40,10.0.31.130,34,HTTP POST data,3.03914867190307,False,Other
192.168.166.141,10.0.180.93,27,TCP ACK,2.5216406363433186,False,Other
192.168.13.76,10.0.156.141,34,HTTP POST data,3.03914867190307,False,Other
192.168.52.33,10.0.20.104,33,TLS handshake,3.3927474104487847,False,Other
192.168.219.254,10.0.67.180,34,HTTP POST data,3.03914867190307,False,Other
192.168.13.115,10.0.11.165,34,virus detected,3.182005814760214,True,Other
192.168.238.242,10.0.15.67,27,TCP ACK,2.5216406363433186,False,Other
192.168.31.205,10.0.182.130,27,TCP ACK,2.5216406363433186,False,Other
192.168.164.34,10.0.203.161,27,TCP ACK,2.5216406363433186,False,Other
192.168.38.228,10.0.10.127,27,TCP ACK,2.5216406363433186,False,Other
192.168.121.219,10.0.87.74,44,GET /index.html HTTP/1.1,4.053508854797679,False,Other
192.168.91.166,10.0.190.220,44,GET /index.html HTTP/1.1,4.053508854797679,False,Other
192.168.159.68,10.0.52.156,33,TLS handshake,3.3927474104487847,False,Other
192.168.75.91,10.0.18.205,44,powershell attack script,3.7201755214643453,True,Other
192.168.115.45,10.0.101.7,27,TCP ACK,2.5216406363433186,False,Other
192.168.224.91,10.0.254.107,33,TLS handshake,3.3927474104487847,False,Other
192.168.253.7,10.0.125.220,34,HTTP POST data,3.03914867190307,False,Other
192.168.1.165,10.0.30.83,34,virus detected,3.182005814760214,True,Other
192.168.27.44,10.0.201.151,34,HTTP POST data,3.03914867190307,False,Other
192.168.76.19,10.0.84.60,44,GET /index.html HTTP/1.1,4.053508854797679,False,Other
192.168.198.108,10.0.186.108,27,TCP ACK,2.5216406363433186,False,Other
192.168.102.196,10.0.250.193,44,powershell attack script,3.7201755214643453,True,Other
192.168.131.75,10.0.213.86,33,TLS handshake,3.3927474104487847,False,Other
192.168.233.31,10.0.251.157,35,eval('exploit'),3.5068905956085183,True,Other
192.168.163.188,10.0.212.253,33,TLS handshake,3.3927474104487847,False,Other
192.168.164.115,10.0.155.131,27,TCP ACK,2.5216406363433186,False,Other
192.168.174.64,10.0.36.251,33,TLS handshake,3.3927474104487847,False,Other
192.168.253.130,10.0.181.228,33,TLS handshake,3.3927474104487847,False,Other
192.168.77.163,10.0.225.96,33,TLS handshake,3.3927474104487847,False,Other
192.168.183.157,10.0.184.111,27,TCP ACK,2.5216406363433186,False,Other
192.168.142.197,10.0.95.178,34,HTTP POST data,3.03914867190307,False,Other
192.168.66.208,10.0.0.201,34,HTTP POST data,3.03914867190307,False,Other
192.168.101.25,10.0.136.221,34,HTTP POST data,3.03914867190307,False,Other
192.168.101.206,10.0.151.113,33,TLS handshake,3.3927474104487847,False,Other
192.168.241.141,10.0.31.247,34,HTTP POST data,3.03914867190307,False,Other
192.168.198.55,10.0.99.139,44,GET /index.html HTTP/1.1,4.053508854797679,False,Other
192.168.205.95,10.0.64.52,33,TLS handshake,3.3927474104487847,False,Other
192.168.155.102,10.0.55.110,44,GET /index.html HTTP/1.1,4.053508854797679,False,Other
192.168.213.115,10.0.95.132,33,TLS handshake,3.3927474104487847,False,Other
192.168.19.52,10.0.92.9,27,TCP ACK,2.5216406363433186,False,Other
192.168.247.156,10.0.219.185,34,HTTP POST data,3.03914867190307,False,Other
192.168.203.115,10.0.3.5,34,HTTP POST data,3.03914867190307,False,Other
192.168.158.68,10.0.23.132,33,TLS handshake,3.3927474104487847,False,Other
192.168.38.78,10.0.215.144,27,TCP ACK,2.5216406363433186,False,Other
192.168.27.94,10.0.78.108,33,TLS handshake,3.3927474104487847,False,Other
192.168.248.116,10.0.212.143,27,TCP ACK,2.5216406363433186,False,Other
192.168.61.145,10.0.66.151,27,TCP ACK,2.5216406363433186,False,Other
192.168.220.119,10.0.83.178,34,HTTP POST data,3.03914867190307,False,Other
192.168.37.164,10.0.71.213,34,HTTP POST data,3.03914867190307,False,Other
192.168.204.122,10.0.226.182,27,TCP ACK,2.5216406363433186,False,Other
192.168.157.86,10.0.51.108,34,HTTP POST data,3.03914867190307,False,Other
192.168.236.135,10.0.114.143,44,GET /index.html HTTP/1.1,4.053508854797679,False,Other
192.168.3.149,10.0.100.116,44,GET /index.html HTTP/1.1,4.053508854797679,False,Other
192.168.8.151,10.0.136.197,34,virus detected,3.182005814760214,True,Other
192.168.86.143,10.0.49.120,34,HTTP POST data,3.03914867190307,False,Other
192.168.19.46,10.0.239.91,34,HTTP POST data,3.03914867190307,False,Other
192.168.6.163,10.0.62.192,44,GET /index.html HTTP/1.1,4.053508854797679,False,Other
192.168.96.93,10.0.13.22,34,HTTP POST data,3.03914867190307,False,Other
192.168.81.124,10.0.201.185,34,HTTP POST data,3.03914867190307,False,Other
192.168.240.180,10.0.120.149,33,TLS handshake,3.3927474104487847,False,Other
192.168.142.32,10.0.139.135,34,HTTP POST data,3.03914867190307,False,Other
192.168.193.210,10.0.61.54,33,TLS handshake,3.3927474104487847,False,Other
192.168.8.209,10.0.252.118,44,GET /index.html HTTP/1.1,4.053508854797679,False,Other
192.168.31.27,10.0.123.5,33,TLS handshake,3.3927474104487847,False,Other
192.168.34.240,10.0.86.63,33,TLS handshake,3.3927474104487847,False,Other
192.168.135.231,10.0.108.13,33,TLS handshake,3.3927474104487847,False,Other
192.168.161.225,10.0.246.215,33,TLS handshake,3.3927474104487847,False,Other
192.168.83.28,10.0.189.49,27,TCP ACK,2.5216406363433186,False,Other
192.168.86.49,10.0.208.126,34,HTTP POST data,3.03914867190307,False,Other
192.168.237.18,10.0.84.96,27,TCP ACK,2.5216406363433186,False,Other
192.168.91.8,10.0.81.29,27,TCP ACK,2.5216406363433186,False,Other
192.168.221.2,10.0.144.127,34,virus detected,3.182005814760214,True,Other
192.168.129.201,10.0.184.169,44,GET /index.html HTTP/1.1,4.053508854797679,False,Other
192.168.240.88,10.0.227.193,34,HTTP POST data,3.03914867190307,False,Other
192.168.206.31,10.0.121.241,34,HTTP POST data,3.03914867190307,False,Other
192.168.252.211,10.0.247.110,34,HTTP POST data,3.03914867190307,False,Other
192.168.131.157,10.0.253.104,34,HTTP POST data,3.03914867190307,False,Other
192.168.187.186,10.0.123.202,27,TCP ACK,2.5216406363433186,False,Other
192.168.116.102,10.0.119.88,33,TLS handshake,3.3927474104487847,False,Other
192.168.162.219,10.0.220.164,35,eval('exploit'),3.5068905956085183,True,Other
192.168.80.174,10.0.42.177,27,TCP ACK,2.5216406363433186,False,Other
192.168.204.58,10.0.86.57,27,TCP ACK,2.5216406363433186,False,Other
192.168.212.196,10.0.19.183,33,TLS handshake,3.3927474104487847,False,Other
192.168.219.134,10.0.246.48,35,eval('exploit'),3.5068905956085183,True,Other
192.168.206.84,10.0.131.178,33,TLS handshake,3.3927474104487847,False,Other
192.168.11.133,10.0.30.106,27,TCP ACK,2.5216406363433186,False,Other
192.168.234.182,10.0.214.160,27,TCP ACK,2.5216406363433186,False,Other
192.168.253.216,10.0.52.45,27,TCP ACK,2.5216406363433186,False,Other
192.168.48.179,10.0.193.213,34,HTTP POST data,3.03914867190307,False,Other
192.168.172.202,10.0.102.173,44,GET /index.html HTTP/1.1,4.053508854797679,False,Other
192.168.1.25,10.0.37.85,33,TLS handshake,3.3927474104487847,False,Other
192.168.3.68,10.0.106.121,34,HTTP POST data,3.03914867190307,False,Other
192.168.224.212,10.0.56.43,44,GET /index.html HTTP/1.1,4.053508854797679,False,Other
192.168.40.148,10.0.213.3,35,eval('exploit'),3.5068905956085183,True,Other
192.168.107.202,10.0.255.195,34,HTTP POST data,3.03914867190307,False,Other
192.168.193.5,10.0.177.82,34,virus detected,3.182005814760214,True,Other
192.168.71.107,10.0.78.152,34,HTTP POST data,3.03914867190307,False,Other
192.168.36.249,10.0.192.30,33,TLS handshake,3.3927474104487847,False,Other
192.168.110.218,10.0.57.28,44,GET /index.html HTTP/1.1,4.053508854797679,False,Other
192.168.38.224,10.0.178.156,33,TLS handshake,3.3927474104487847,False,Other
192.168.203.132,10.0.17.11,33,TLS handshake,3.3927474104487847,False,Other
192.168.204.112,10.0.0.138,34,HTTP POST data,3.03914867190307,False,Other
192.168.45.173,10.0.89.85,35,eval('exploit'),3.5068905956085183,True,Other
192.168.65.24,10.0.124.231,44,powershell attack script,3.7201755214643453,True,Other
192.168.218.198,10.0.101.161,27,TCP ACK,2.5216406363433186,False,Other
192.168.165.17,10.0.76.27,33,TLS handshake,3.3927474104487847,False,Other
192.168.85.117,10.0.128.147,34,HTTP POST data,3.03914867190307,False,Other
192.168.166.195,10.0.130.45,44,GET /index.html HTTP/1.1,4.053508854797679,False,Other
192.168.224.72,10.0.62.92,44,GET /index.html HTTP/1.1,4.053508854797679,False,Other
192.168.147.28,10.0.176.85,44,GET /index.html HTTP/1.1,4.053508854797679,False,Other
192.168.215.61,10.0.239.216,33,TLS handshake,3.3927474104487847,False,Other
192.168.247.235,10.0.125.88,34,HTTP POST data,3.03914867190307,False,Other
192.168.26.143,10.0.70.15,44,GET /index.html HTTP/1.1,4.053508854797679,False,Other
192.168.34.69,10.0.79.50,33,TLS handshake,3.3927474104487847,False,Other
192.168.223.45,10.0.204.234,27,TCP ACK,2.5216406363433186,False,Other
192.168.70.106,10.0.168.63,34,HTTP POST data,3.03914867190307,False,Other
192.168.150.98,10.0.134.49,34,virus detected,3.182005814760214,True,Other
192.168.185.84,10.0.121.211,34,HTTP POST data,3.03914867190307,False,Other
192.168.39.107,10.0.54.56,44,powershell attack script,3.7201755214643453,True,Other
192.168.226.198,10.0.133.81,33,TLS handshake,3.3927474104487847,False,Other
192.168.202.99,10.0.149.177,34,HTTP POST data,3.03914867190307,False,Other
192.168.151.172,10.0.4.128,34,HTTP POST data,3.03914867190307,False,Other
192.168.247.230,10.0.148.30,27,TCP ACK,2.5216406363433186,False,Other
192.168.20.7,10.0.153.136,33,TLS handshake,3.3927474104487847,False,Other
192.168.52.72,10.0.170.170,34,HTTP POST data,3.03914867190307,False,Other
192.168.39.251,10.0.22.232,27,TCP ACK,2.5216406363433186,False,Other
192.168.198.167,10.0.45.113,44,GET /index.html HTTP/1.1,4.053508854797679,False,Other
192.168.180.198,10.0.161.31,33,TLS handshake,3.3927474104487847,False,Other
192.168.111.103,10.0.87.28,44,powershell attack script,3.7201755214643453,True,Other
192.168.51.115,10.0.147.252,27,TCP ACK,2.5216406363433186,False,Other
192.168.28.166,10.0.86.98,44,GET /index.html HTTP/1.1,4.053508854797679,False,Other
192.168.137.171,10.0.142.59,44,GET /index.html HTTP/1.1,4.053508854797679,False,Other
192.168.203.139,10.0.230.216,34,HTTP POST data,3.03914867190307,False,Other
192.168.191.162,10.0.175.133,33,TLS handshake,3.3927474104487847,False,Other
192.168.12.245,10.0.99.151,42,cmd.exe /c malware.exe,3.386266142526533,True,Other
192.168.105.130,10.0.28.216,44,GET /index.html HTTP/1.1,4.053508854797679,False,Other
192.168.172.102,10.0.95.50,27,TCP ACK,2.5216406363433186,False,Other
192.168.222.127,10.0.223.119,44,GET /index.html HTTP/1.1,4.053508854797679,False,Other
192.168.245.249,10.0.64.94,44,GET /index.html HTTP/1.1,4.053508854797679,False,Other
192.168.199.233,10.0.114.69,44,GET /index.html HTTP/1.1,4.053508854797679,False,Other
192.168.5.76,10.0.254.228,33,TLS handshake,3.3927474104487847,False,Other
192.168.178.253,10.0.249.33,27,TCP ACK,2.5216406363433186,False,Other
192.168.254.17,10.0.110.88,34,HTTP POST data,3.03914867190307,False,Other
192.168.20.135,10.0.228.45,44,GET /index.html HTTP/1.1,4.053508854797679,False,Other
192.168.58.182,10.0.127.43,44,GET /index.html HTTP/1.1,4.053508854797679,False,Other
192.168.162.227,10.0.94.58,34,HTTP POST data,3.03914867190307,False,Other
192.168.171.208,10.0.6.215,34,HTTP POST data,3.03914867190307,False,Other
192.168.230.63,10.0.242.210,33,TLS handshake,3.3927474104487847,False,Other
192.168.225.31,10.0.125.10,34,HTTP POST data,3.03914867190307,False,Other
192.168.67.123,10.0.227.40,27,TCP ACK,2.5216406363433186,False,Other
192.168.3.162,10.0.26.204,34,HTTP POST data,3.03914867190307,False,Other
192.168.38.151,10.0.92.173,44,GET /index.html HTTP/1.1,4.053508854797679,False,Other
192.168.29.169,10.0.37.107,44,GET /index.html HTTP/1.1,4.053508854797679,False,Other
192.168.48.27,10.0.203.177,33,TLS handshake,3.3927474104487847,False,Other
192.168.77.20,10.0.159.152,27,TCP ACK,2.5216406363433186,False,Other
192.168.66.13,10.0.28.114,27,TCP ACK,2.5216406363433186,False,Other
192.168.106.43,10.0.99.130,34,HTTP POST data,3.03914867190307,False,Other
192.168.118.38,10.0.26.60,33,TLS handshake,3.3927474104487847,False,Other
192.168.68.150,10.0.158.124,34,HTTP POST data,3.03914867190307,False,Other
192.168.48.107,10.0.30.205,27,TCP ACK,2.5216406363433186,False,Other
192.168.96.241,10.0.8.143,44,GET /index.html HTTP/1.1,4.053508854797679,False,Other
192.168.244.241,10.0.229.61,44,GET /index.html HTTP/1.1,4.053508854797679,False,Other
192.168.209.124,10.0.169.210,44,powershell attack script,3.7201755214643453,True,Other
192.168.111.116,10.0.187.133,33,TLS handshake,3.3927474104487847,False,Other
192.168.105.213,10.0.204.48,34,virus detected,3.182005814760214,True,Other
192.168.11.30,10.0.225.207,33,TLS handshake,3.3927474104487847,False,Other
192.168.34.49,10.0.76.231,34,virus detected,3.182005814760214,True,Other
192.168.183.131,10.0.74.229,34,HTTP POST data,3.03914867190307,False,Other
192.168.199.239,10.0.152.43,34,HTTP POST data,3.03914867190307,False,Other
192.168.91.214,10.0.109.208,27,TCP ACK,2.5216406363433186,False,Other
192.168.133.161,10.0.13.87,44,powershell attack script,3.7201755214643453,True,Other
192.168.131.209,10.0.112.127,44,GET /index.html HTTP/1.1,4.053508854797679,False,Other
192.168.244.253,10.0.21.215,33,TLS handshake,3.3927474104487847,False,Other
192.168.68.129,10.0.171.235,33,TLS handshake,3.3927474104487847,False,Other
192.168.213.156,10.0.67.13,27,TCP ACK,2.5216406363433186,False,Other
192.168.119.98,10.0.210.222,34,HTTP POST data,3.03914867190307,False,Other
192.168.178.9,10.0.34.69,44,GET /index.html HTTP/1.1,4.053508854797679,False,Other
192.168.233.54,10.0.215.110,27,TCP ACK,2.5216406363433186,False,Other
192.168.157.225,10.0.156.203,27,TCP ACK,2.5216406363433186,False,Other
192.168.106.95,10.0.205.116,34,HTTP POST data,3.03914867190307,False,Other
192.168.245.29,10.0.193.218,33,TLS handshake,3.3927474104487847,False,Other
192.168.74.52,10.0.89.232,34,HTTP POST data,3.03914867190307,False,Other
192.168.114.25,10.0.205.127,27,TCP ACK,2.5216406363433186,False,Other
192.168.117.129,10.0.85.163,27,TCP ACK,2.5216406363433186,False,Other
192.168.92.37,10.0.108.135,33,TLS handshake,3.3927474104487847,False,Other
192.168.111.121,10.0.214.187,33,TLS handshake,3.3927474104487847,False,Other
192.168.252.52,10.0.121.203,44,GET /index.html HTTP/1.1,4.053508854797679,False,Other
192.168.2.8,10.0.80.117,27,TCP ACK,2.5216406363433186,False,Other
192.168.184.142,10.0.8.119,44,GET /index.html HTTP/1.1,4.053508854797679,False,Other
192.168.13.206,10.0.216.56,44,GET /index.html HTTP/1.1,4.053508854797679,False,Other
192.168.99.72,10.0.4.64,27,TCP ACK,2.5216406363433186,False,Other
192.168.128.189,10.0.106.99,27,TCP ACK,2.5216406363433186,False,Other
192.168.163.229,10.0.1.229,27,TCP ACK,2.5216406363433186,False,Other
192.168.65.143,10.0.215.203,44,powershell attack script,3.7201755214643453,True,Other
192.168.12.97,10.0.50.41,27,TCP ACK,2.5216406363433186,False,Other
192.168.45.96,10.0.46.89,35,eval('exploit'),3.5068905956085183,True,Other
192.168.54.208,10.0.45.222,44,GET /index.html HTTP/1.1,4.053508854797679,False,Other
192.168.98.73,10.0.208.154,27,TCP ACK,2.5216406363433186,False,Other
192.168.146.66,10.0.110.46,34,HTTP POST data,3.03914867190307,False,Other
192.168.70.24,10.0.111.147,34,HTTP POST data,3.03914867190307,False,Other
192.168.216.200,10.0.254.165,44,GET /index.html HTTP/1.1,4.053508854797679,False,Other
192.168.238.194,10.0.157.177,34,HTTP POST data,3.03914867190307,False,Other
192.168.170.205,10.0.62.102,44,GET /index.html HTTP/1.1,4.053508854797679,False,Other
192.168.122.155,10.0.132.25,33,TLS handshake,3.3927474104487847,False,Other
192.168.28.141,10.0.67.79,44,GET /index.html HTTP/1.1,4.053508854797679,False,Other
192.168.251.194,10.0.166.82,33,TLS handshake,3.3927474104487847,False,Other
192.168.170.55,10.0.60.9,44,GET /index.html HTTP/1.1,4.053508854797679,False,Other
192.168.100.175,10.0.96.215,44,GET /index.html HTTP/1.1,4.053508854797679,False,Other
192.168.232.205,10.0.195.156,33,TLS handshake,3.3927474104487847,False,Other
192.168.161.216,10.0.147.99,33,TLS handshake,3.3927474104487847,False,Other
192.168.59.229,10.0.88.183,44,powershell attack script,3.7201755214643453,True,Other
192.168.73.53,10.0.87.18,33,TLS handshake,3.3927474104487847,False,Other
192.168.31.223,10.0.22.117,44,GET /index.html HTTP/1.1,4.053508854797679,False,Other
192.168.83.85,10.0.176.20,44,powershell attack script,3.7201755214643453,True,Other
192.168.221.106,10.0.18.13,27,TCP ACK,2.5216406363433186,False,Other
192.168.120.200,10.0.13.243,33,TLS handshake,3.3927474104487847,False,Other
192.168.239.148,10.0.106.77,44,GET /index.html HTTP/1.1,4.053508854797679,False,Other
192.168.130.227,10.0.57.113,34,HTTP POST data,3.03914867190307,False,Other
192.168.252.98,10.0.159.92,34,virus detected,3.182005814760214,True,Other
192.168.167.85,10.0.39.181,33,TLS handshake,3.3927474104487847,False,Other
192.168.251.39,10.0.119.252,27,TCP ACK,2.5216406363433186,False,Other
192.168.94.105,10.0.103.94,44,GET /index.html HTTP/1.1,4.053508854797679,False,Other
192.168.193.44,10.0.166.20,34,HTTP POST data,3.03914867190307,False,Other
192.168.46.212,10.0.104.222,27,TCP ACK,2.5216406363433186,False,Other
192.168.136.225,10.0.227.165,44,GET /index.html HTTP/1.1,4.053508854797679,False,Other
192.168.178.107,10.0.152.51,34,HTTP POST data,3.03914867190307,False,Other
192.168.19.48,10.0.35.251,27,TCP ACK,2.5216406363433186,False,Other
192.168.96.37,10.0.124.39,27,TCP ACK,2.5216406363433186,False,Other
192.168.55.233,10.0.255.243,27,TCP ACK,2.5216406363433186,False,Other
192.168.41.125,10.0.51.109,35,eval('exploit'),3.5068905956085183,True,Other
192.168.95.55,10.0.43.53,42,cmd.exe /c malware.exe,3.386266142526533,True,Other
192.168.25.237,10.0.83.234,44,GET /index.html HTTP/1.1,4.053508854797679,False,Other
192.168.66.34,10.0.235.200,44,GET /index.html HTTP/1.1,4.053508854797679,False,Other
192.168.8.114,10.0.4.166,27,TCP ACK,2.5216406363433186,False,Other
192.168.59.137,10.0.160.31,27,TCP ACK,2.5216406363433186,False,Other
192.168.237.238,10.0.183.131,27,TCP ACK,2.5216406363433186,False,Other
192.168.3.144,10.0.18.29,33,TLS handshake,3.3927474104487847,False,Other
192.168.126.194,10.0.241.198,27,TCP ACK,2.5216406363433186,False,Other
192.168.164.29,10.0.226.104,33,TLS handshake,3.3927474104487847,False,Other
192.168.37.161,10.0.215.57,33,TLS handshake,3.3927474104487847,False,Other
192.168.162.124,10.0.117.7,44,GET /index.html HTTP/1.1,4.053508854797679,False,Other
192.168.128.65,10.0.90.241,44,GET /index.html HTTP/1.1,4.053508854797679,False,Other
192.168.158.46,10.0.150.6,42,cmd.exe /c malware.exe,3.386266142526533,True,Other
192.168.37.91,10.0.99.108,27,TCP ACK,2.5216406363433186,False,Other
192.168.170.41,10.0.157.229,44,GET /index.html HTTP/1.1,4.053508854797679,False,Other
192.168.175.67,10.0.133.236,34,HTTP POST data,3.03914867190307,False,Other
192.168.134.153,10.0.108.76,33,TLS handshake,3.3927474104487847,False,Other
192.168.114.40,10.0.170.117,27,TCP ACK,2.5216406363433186,False,Other
192.168.224.119,10.0.12.124,27,TCP ACK,2.5216406363433186,False,Other
192.168.145.2,10.0.48.66,34,HTTP POST data,3.03914867190307,False,Other
192.168.128.131,10.0.17.189,27,TCP ACK,2.5216406363433186,False,Other
192.168.81.22,10.0.177.237,44,GET /index.html HTTP/1.1,4.053508854797679,False,Other
192.168.157.115,10.0.48.83,27,TCP ACK,2.5216406363433186,False,Other
192.168.81.123,10.0.101.42,34,HTTP POST data,3.03914867190307,False,Other
192.168.190.220,10.0.244.12,27,TCP ACK,2.5216406363433186,False,Other
192.168.32.239,10.0.196.123,34,HTTP POST data,3.03914867190307,False,Other
192.168.170.44,10.0.129.157,34,HTTP POST data,3.03914867190307,False,Other
192.168.193.175,10.0.16.245,33,TLS handshake,3.3927474104487847,False,Other
192.168.194.39,10.0.27.72,34,HTTP POST data,3.03914867190307,False,Other
192.168.105.25,10.0.254.114,44,GET /index.html HTTP/1.1,4.053508854797679,False,Other
192.168.74.101,10.0.113.214,34,virus detected,3.182005814760214,True,Other
192.168.87.166,10.0.96.143,33,TLS handshake,3.3927474104487847,False,Other
192.168.164.240,10.0.220.197,44,GET /index.html HTTP/1.1,4.053508854797679,False,Other
192.168.35.86,10.0.201.79,34,virus detected,3.182005814760214,True,Other
192.168.125.254,10.0.239.72,27,TCP ACK,2.5216406363433186,False,Other
192.168.241.217,10.0.160.113,27,TCP ACK,2.5216406363433186,False,Other
192.168.206.212,10.0.3.196,34,virus detected,3.182005814760214,True,Other
192.168.23.149,10.0.207.142,33,TLS handshake,3.3927474104487847,False,Other
192.168.154.254,10.0.181.13,33,TLS handshake,3.3927474104487847,False,Other
192.168.38.108,10.0.2.139,34,HTTP POST data,3.03914867190307,False,Other
192.168.64.124,10.0.127.129,44,GET /index.html HTTP/1.1,4.053508854797679,False,Other
192.168.149.45,10.0.61.28,44,GET /index.html HTTP/1.1,4.053508854797679,False,Other
192.168.72.173,10.0.152.49,33,TLS handshake,3.3927474104487847,False,Other
192.168.3.9,10.0.240.191,34,HTTP POST data,3.03914867190307,False,Other
192.168.64.160,10.0.108.4,34,HTTP POST data,3.03914867190307,False,Other
192.168.3.211,10.0.77.16,34,virus detected,3.182005814760214,True,Other
192.168.36.208,10.0.214.172,33,TLS handshake,3.3927474104487847,False,Other
192.168.98.55,10.0.129.244,33,TLS handshake,3.3927474104487847,False,Other
192.168.205.73,10.0.80.32,34,HTTP POST data,3.03914867190307,False,Other
192.168.62.165,10.0.32.16,27,TCP ACK,2.5216406363433186,False,Other
192.168.152.90,10.0.167.148,33,TLS handshake,3.3927474104487847,False,Other
192.168.22.43,10.0.118.102,33,TLS handshake,3.3927474104487847,False,Other
192.168.61.152,10.0.215.193,44,GET /index.html HTTP/1.1,4.053508854797679,False,Other
192.168.27.59,10.0.49.182,44,GET /index.html HTTP/1.1,4.053508854797679,False,Other
192.168.251.154,10.0.203.7,33,TLS handshake,3.3927474104487847,False,Other
192.168.9.212,10.0.151.169,34,HTTP POST data,3.03914867190307,False,Other
192.168.152.160,10.0.86.206,42,cmd.exe /c malware.exe,3.386266142526533,True,Other
192.168.203.120,10.0.193.222,27,TCP ACK,2.5216406363433186,False,Other
192.168.195.90,10.0.196.87,44,GET /index.html HTTP/1.1,4.053508854797679,False,Other
192.168.225.48,10.0.174.92,34,HTTP POST data,3.03914867190307,False,Other
192.168.73.104,10.0.101.40,44,powershell attack script,3.7201755214643453,True,Other
192.168.190.203,10.0.1.87,33,TLS handshake,3.3927474104487847,False,Other
192.168.175.36,10.0.40.44,34,HTTP POST data,3.03914867190307,False,Other
192.168.3.155,10.0.42.26,34,HTTP POST data,3.03914867190307,False,Other
192.168.220.124,10.0.160.243,44,GET /index.html HTTP/1.1,4.053508854797679,False,Other
192.168.187.13,10.0.16.102,35,eval('exploit'),3.5068905956085183,True,Other
192.168.74.254,10.0.73.70,27,TCP ACK,2.5216406363433186,False,Other
192.168.42.10,10.0.124.71,27,TCP ACK,2.5216406363433186,False,Other
192.168.236.114,10.0.193.206,27,TCP ACK,2.5216406363433186,False,Other
192.168.139.252,10.0.47.216,44,powershell attack script,3.7201755214643453,True,Other
192.168.73.92,10.0.171.217,34,HTTP POST data,3.03914867190307,False,Other
192.168.225.163,10.0.173.100,27,TCP ACK,2.5216406363433186,False,Other
192.168.221.250,10.0.65.26,34,HTTP POST data,3.03914867190307,False,Other
192.168.124.98,10.0.16.63,33,TLS handshake,3.3927474104487847,False,Other
192.168.24.243,10.0.18.186,27,TCP ACK,2.5216406363433186,False,Other
192.168.249.141,10.0.242.93,27,TCP ACK,2.5216406363433186,False,Other
192.168.200.7,10.0.200.243,34,HTTP POST data,3.03914867190307,False,Other
192.168.220.134,10.0.95.27,27,TCP ACK,2.5216406363433186,False,Other
192.168.195.227,10.0.4.11,34,HTTP POST data,3.03914867190307,False,Other
192.168.10.124,10.0.47.5,44,GET /index.html HTTP/1.1,4.053508854797679,False,Other
192.168.70.60,10.0.155.206,34,virus detected,3.182005814760214,True,Other
192.168.68.156,10.0.182.103,27,TCP ACK,2.5216406363433186,False,Other
192.168.164.196,10.0.216.83,27,TCP ACK,2.5216406363433186,False,Other
192.168.187.121,10.0.19.139,34,HTTP POST data,3.03914867190307,False,Other
192.168.140.209,10.0.123.64,33,TLS handshake,3.3927474104487847,False,Other
192.168.145.47,10.0.170.206,34,HTTP POST data,3.03914867190307,False,Other
192.168.235.144,10.0.169.249,34,HTTP POST data,3.03914867190307,False,Other
192.168.165.168,10.0.4.124,44,powershell attack script,3.7201755214643453,True,Other
192.168.143.73,10.0.173.157,44,GET /index.html HTTP/1.1,4.053508854797679,False,Other
192.168.110.84,10.0.241.244,34,HTTP POST data,3.03914867190307,False,Other
192.168.8.238,10.0.129.65,27,TCP ACK,2.5216406363433186,False,Other
192.168.254.3,10.0.50.95,34,HTTP POST data,3.03914867190307,False,Other
192.168.93.152,10.0.135.118,34,HTTP POST data,3.03914867190307,False,Other
192.168.123.128,10.0.164.152,27,TCP ACK,2.5216406363433186,False,Other
192.168.233.163,10.0.46.138,34,HTTP POST data,3.03914867190307,False,Other
192.168.26.251,10.0.132.19,33,TLS handshake,3.3927474104487847,False,Other
192.168.127.103,10.0.50.3,44,GET /index.html HTTP/1.1,4.053508854797679,False,Other
192.168.195.196,10.0.250.186,27,TCP ACK,2.5216406363433186,False,Other
192.168.252.69,10.0.87.51,33,TLS handshake,3.3927474104487847,False,Other
192.168.197.18,10.0.108.70,44,powershell attack script,3.7201755214643453,True,Other
192.168.127.1,10.0.39.137,44,GET /index.html HTTP/1.1,4.053508854797679,False,Other
192.168.245.245,10.0.73.61,33,TLS handshake,3.3927474104487847,False,Other
192.168.250.197,10.0.82.177,44,GET /index.html HTTP/1.1,4.053508854797679,False,Other
192.168.215.134,10.0.167.248,44,GET /index.html HTTP/1.1,4.053508854797679,False,Other
192.168.207.61,10.0.158.93,27,TCP ACK,2.5216406363433186,False,Other
192.168.189.21,10.0.72.86,35,eval('exploit'),3.5068905956085183,True,Other
192.168.22.54,10.0.215.254,34,HTTP POST data,3.03914867190307,False,Other
192.168.214.36,10.0.199.158,44,GET /index.html HTTP/1.1,4.053508854797679,False,Other
192.168.210.166,10.0.57.1,27,TCP ACK,2.5216406363433186,False,Other
192.168.103.131,10.0.174.187,44,GET /index.html HTTP/1.1,4.053508854797679,False,Other
192.168.176.177,10.0.83.201,44,GET /index.html HTTP/1.1,4.053508854797679,False,Other
192.168.29.232,10.0.208.25,27,TCP ACK,2.5216406363433186,False,Other
192.168.217.81,10.0.59.189,44,GET /index.html HTTP/1.1,4.053508854797679,False,Other
192.168.166.74,10.0.4.244,33,TLS handshake,3.3927474104487847,False,Other
192.168.84.129,10.0.230.132,33,TLS handshake,3.3927474104487847,False,Other
192.168.190.214,10.0.112.11,27,TCP ACK,2.5216406363433186,False,Other
192.168.11.89,10.0.175.1,42,cmd.exe /c malware.exe,3.386266142526533,True,Other
192.168.79.119,10.0.158.120,34,HTTP POST data,3.03914867190307,False,Other
192.168.85.11,10.0.92.215,34,HTTP POST data,3.03914867190307,False,Other
192.168.217.58,10.0.101.149,27,TCP ACK,2.5216406363433186,False,Other
192.168.132.123,10.0.73.130,44,GET /index.html HTTP/1.1,4.053508854797679,False,Other
192.168.5.15,10.0.169.194,34,HTTP POST data,3.03914867190307,False,Other
192.168.174.102,10.0.197.244,27,TCP ACK,2.5216406363433186,False,Other
192.168.235.170,10.0.130.73,34,HTTP POST data,3.03914867190307,False,Other
192.168.43.153,10.0.82.5,34,HTTP POST data,3.03914867190307,False,Other
192.168.246.35,10.0.203.51,34,virus detected,3.182005814760214,True,Other
192.168.190.86,10.0.154.113,34,HTTP POST data,3.03914867190307,False,Other
192.168.128.34,10.0.12.199,27,TCP ACK,2.5216406363433186,False,Other
192.168.165.245,10.0.117.33,34,HTTP POST data,3.03914867190307,False,Other
192.168.134.20,10.0.236.231,34,HTTP POST data,3.03914867190307,False,Other
192.168.113.136,10.0.0.211,34,HTTP POST data,3.03914867190307,False,Other
192.168.31.135,10.0.22.243,44,GET /index.html HTTP/1.1,4.053508854797679,False,Other
192.168.202.171,10.0.117.229,34,virus detected,3.182005814760214,True,Other
192.168.206.99,10.0.128.165,34,HTTP POST data,3.03914867190307,False,Other
192.168.110.172,10.0.85.250,44,GET /index.html HTTP/1.1,4.053508854797679,False,Other
192.168.107.141,10.0.73.35,33,TLS handshake,3.3927474104487847,False,Other
192.168.138.252,10.0.126.209,34,HTTP POST data,3.03914867190307,False,Other
192.168.77.248,10.0.102.74,33,TLS handshake,3.3927474104487847,False,Other
192.168.232.243,10.0.41.235,27,TCP ACK,2.5216406363433186,False,Other
192.168.246.189,10.0.3.126,34,virus detected,3.182005814760214,True,Other
192.168.27.46,10.0.249.165,35,eval('exploit'),3.5068905956085183,True,Other
192.168.89.211,10.0.21.9,27,TCP ACK,2.5216406363433186,False,Other
192.168.97.102,10.0.204.128,44,GET /index.html HTTP/1.1,4.053508854797679,False,Other
192.168.39.18,10.0.207.82,44,powershell attack script,3.7201755214643453,True,Other
192.168.205.17,10.0.155.24,34,virus detected,3.182005814760214,True,Other
192.168.40.185,10.0.84.212,34,HTTP POST data,3.03914867190307,False,Other
192.168.188.253,10.0.101.37,27,TCP ACK,2.5216406363433186,False,Other
192.168.6.90,10.0.232.42,33,TLS handshake,3.3927474104487847,False,Other
192.168.171.127,10.0.206.190,33,TLS handshake,3.3927474104487847,False,Other
192.168.131.77,10.0.184.252,44,GET /index.html HTTP/1.1,4.053508854797679,False,Other
192.168.170.201,10.0.96.59,27,TCP ACK,2.5216406363433186,False,Other
192.168.255.6,10.0.161.205,44,GET /index.html HTTP/1.1,4.053508854797679,False,Other
192.168.219.182,10.0.107.250,44,GET /index.html HTTP/1.1,4.053508854797679,False,Other
192.168.119.15,10.0.20.121,44,GET /index.html HTTP/1.1,4.053508854797679,False,Other
192.168.186.197,10.0.153.14,27,TCP ACK,2.5216406363433186,False,Other
192.168.91.66,10.0.14.253,27,TCP ACK,2.5216406363433186,False,Other
192.168.233.222,10.0.131.226,33,TLS handshake,3.3927474104487847,False,Other
192.168.87.51,10.0.43.66,27,TCP ACK,2.5216406363433186,False,Other
192.168.188.77,10.0.149.254,33,TLS handshake,3.3927474104487847,False,Other
192.168.114.138,10.0.219.165,34,HTTP POST data,3.03914867190307,False,Other
192.168.156.24,10.0.177.119,44,powershell attack script,3.7201755214643453,True,Other
192.168.147.140,10.0.185.127,34,HTTP POST data,3.03914867190307,False,Other
192.168.15.140,10.0.40.108,35,eval('exploit'),3.5068905956085183,True,Other
192.168.12.94,10.0.125.228,34,HTTP POST data,3.03914867190307,False,Other
192.168.32.27,10.0.124.218,44,GET /index.html HTTP/1.1,4.053508854797679,False,Other
192.168.240.208,10.0.234.191,27,TCP ACK,2.5216406363433186,False,Other
192.168.3.196,10.0.199.162,34,HTTP POST data,3.03914867190307,False,Other
192.168.55.109,10.0.185.185,44,GET /index.html HTTP/1.1,4.053508854797679,False,Other
192.168.86.101,10.0.12.167,27,TCP ACK,2.5216406363433186,False,Other
192.168.157.22,10.0.153.146,44,GET /index.html HTTP/1.1,4.053508854797679,False,Other
192.168.46.249,10.0.223.59,44,GET /index.html HTTP/1.1,4.053508854797679,False,Other
192.168.41.123,10.0.158.137,35,eval('exploit'),3.5068905956085183,True,Other
192.168.205.24,10.0.171.219,44,GET /index.html HTTP/1.1,4.053508854797679,False,Other
192.168.28.79,10.0.66.31,27,TCP ACK,2.5216406363433186,False,Other
192.168.169.47,10.0.160.15,27,TCP ACK,2.5216406363433186,False,Other
192.168.96.106,10.0.185.100,27,TCP ACK,2.5216406363433186,False,Other
192.168.110.92,10.0.246.139,34,HTTP POST data,3.03914867190307,False,Other
192.168.123.217,10.0.27.245,34,HTTP POST data,3.03914867190307,False,Other
192.168.154.204,10.0.174.185,34,virus detected,3.182005814760214,True,Other
192.168.41.72,10.0.234.234,27,TCP ACK,2.5216406363433186,False,Other
192.168.188.254,10.0.56.120,34,HTTP POST data,3.03914867190307,False,Other
192.168.68.43,10.0.207.73,44,GET /index.html HTTP/1.1,4.053508854797679,False,Other
192.168.147.197,10.0.10.179,34,HTTP POST data,3.03914867190307,False,Other
192.168.100.218,10.0.96.203,34,HTTP POST data,3.03914867190307,False,Other
192.168.90.154,10.0.123.87,33,TLS handshake,3.3927474104487847,False,Other
192.168.172.17,10.0.123.191,34,HTTP POST data,3.03914867190307,False,Other
192.168.60.24,10.0.92.249,44,GET /index.html HTTP/1.1,4.053508854797679,False,Other
192.168.96.185,10.0.241.93,34,HTTP POST data,3.03914867190307,False,Other
192.168.185.31,10.0.88.224,44,GET /index.html HTTP/1.1,4.053508854797679,False,Other
192.168.173.30,10.0.147.139,33,TLS handshake,3.3927474104487847,False,Other
192.168.204.12,10.0.173.114,27,TCP ACK,2.5216406363433186,False,Other
192.168.29.244,10.0.160.145,33,TLS handshake,3.3927474104487847,False,Other
192.168.16.197,10.0.52.159,34,HTTP POST data,3.03914867190307,False,Other
192.168.254.214,10.0.121.183,44,GET /index.html HTTP/1.1,4.053508854797679,False,Other
192.168.79.86,10.0.137.79,27,TCP ACK,2.5216406363433186,False,Other
192.168.238.47,10.0.144.23,33,TLS handshake,3.3927474104487847,False,Other
192.168.153.126,10.0.59.168,27,TCP ACK,2.5216406363433186,False,Other
192.168.179.36,10.0.188.78,34,HTTP POST data,3.03914867190307,False,Other
192.168.135.155,10.0.144.163,44,GET /index.html HTTP/1.1,4.053508854797679,False,Other
192.168.11.197,10.0.54.12,44,powershell attack script,3.7201755214643453,True,Other
192.168.153.70,10.0.245.166,34,HTTP POST data,3.03914867190307,False,Other
192.168.122.113,10.0.212.243,33,TLS handshake,3.3927474104487847,False,Other
192.168.72.207,10.0.254.40,34,HTTP POST data,3.03914867190307,False,Other
192.168.234.75,10.0.228.197,44,GET /index.html HTTP/1.1,4.053508854797679,False,Other
192.168.90.117,10.0.129.210,27,TCP ACK,2.5216406363433186,False,Other
192.168.23.162,10.0.213.40,33,TLS handshake,3.3927474104487847,False,Other
192.168.207.51,10.0.255.227,27,TCP ACK,2.5216406363433186,False,Other
192.168.197.44,10.0.254.153,34,HTTP POST data,3.03914867190307,False,Other
192.168.237.82,10.0.47.173,44,GET /index.html HTTP/1.1,4.053508854797679,False,Other
192.168.203.177,10.0.115.192,33,TLS handshake,3.3927474104487847,False,Other
192.168.166.182,10.0.214.87,27,TCP ACK,2.5216406363433186,False,Other
192.168.233.182,10.0.17.90,27,TCP ACK,2.5216406363433186,False,Other
192.168.221.78,10.0.20.110,33,TLS handshake,3.3927474104487847,False,Other
192.168.28.171,10.0.154.27,27,TCP ACK,2.5216406363433186,False,Other
192.168.171.174,10.0.116.194,33,TLS handshake,3.3927474104487847,False,Other
192.168.62.54,10.0.77.73,44,GET /index.html HTTP/1.1,4.053508854797679,False,Other
192.168.190.250,10.0.110.26,44,GET /index.html HTTP/1.1,4.053508854797679,False,Other
192.168.117.252,10.0.238.153,42,cmd.exe /c malware.exe,3.386266142526533,True,Other
192.168.238.110,10.0.102.170,33,TLS handshake,3.3927474104487847,False,Other
192.168.224.146,10.0.115.200,33,TLS handshake,3.3927474104487847,False,Other
192.168.89.190,10.0.102.142,33,TLS handshake,3.3927474104487847,False,Other
192.168.102.53,10.0.255.244,33,TLS handshake,3.3927474104487847,False,Other
192.168.72.207,10.0.96.90,44,GET /index.html HTTP/1.1,4.053508854797679,False,Other
192.168.194.51,10.0.252.155,27,TCP ACK,2.5216406363433186,False,Other
192.168.219.149,10.0.124.120,34,virus detected,3.182005814760214,True,Other
192.168.119.215,10.0.249.222,34,HTTP POST data,3.03914867190307,False,Other
192.168.199.84,10.0.98.157,27,TCP ACK,2.5216406363433186,False,Other
192.168.184.246,10.0.71.32,33,TLS handshake,3.3927474104487847,False,Other
192.168.75.165,10.0.205.13,33,TLS handshake,3.3927474104487847,False,Other
192.168.26.214,10.0.134.121,27,TCP ACK,2.5216406363433186,False,Other
192.168.213.222,10.0.73.124,34,virus detected,3.182005814760214,True,Other
192.168.224.18,10.0.83.68,44,GET /index.html HTTP/1.1,4.053508854797679,False,Other
192.168.37.176,10.0.75.205,34,HTTP POST data,3.03914867190307,False,Other
192.168.35.168,10.0.67.167,34,HTTP POST data,3.03914867190307,False,Other
192.168.26.64,10.0.10.114,33,TLS handshake,3.3927474104487847,False,Other
192.168.30.224,10.0.190.198,27,TCP ACK,2.5216406363433186,False,Other
192.168.185.192,10.0.75.104,27,TCP ACK,2.5216406363433186,False,Other
192.168.202.144,10.0.242.33,34,HTTP POST data,3.03914867190307,False,Other
192.168.6.250,10.0.43.205,44,GET /index.html HTTP/1.1,4.053508854797679,False,Other
192.168.95.110,10.0.145.66,33,TLS handshake,3.3927474104487847,False,Other
192.168.29.200,10.0.189.197,27,TCP ACK,2.5216406363433186,False,Other
192.168.135.104,10.0.246.37,33,TLS handshake,3.3927474104487847,False,Other
192.168.143.44,10.0.183.166,27,TCP ACK,2.5216406363433186,False,Other
192.168.227.119,10.0.94.119,44,GET /index.html HTTP/1.1,4.053508854797679,False,Other
192.168.18.200,10.0.177.18,34,HTTP POST data,3.03914867190307,False,Other
192.168.117.188,10.0.219.196,44,GET /index.html HTTP/1.1,4.053508854797679,False,Other
192.168.219.91,10.0.209.96,33,TLS handshake,3.3927474104487847,False,Other
192.168.199.178,10.0.49.30,33,TLS handshake,3.3927474104487847,False,Other
192.168.241.93,10.0.150.86,34,HTTP POST data,3.03914867190307,False,Other
192.168.135.80,10.0.107.125,33,TLS handshake,3.3927474104487847,False,Other
192.168.32.135,10.0.225.169,33,TLS handshake,3.3927474104487847,False,Other
192.168.11.194,10.0.179.134,33,TLS handshake,3.3927474104487847,False,Other
192.168.76.208,10.0.87.205,33,TLS handshake,3.3927474104487847,False,Other
192.168.156.185,10.0.190.48,44,GET /index.html HTTP/1.1,4.053508854797679,False,Other
192.168.149.130,10.0.235.17,34,HTTP POST data,3.03914867190307,False,Other
192.168.201.152,10.0.226.215,42,cmd.exe /c malware.exe,3.386266142526533,True,Other
192.168.120.140,10.0.46.52,34,HTTP POST data,3.03914867190307,False,Other
192.168.218.225,10.0.31.152,34,HTTP POST data,3.03914867190307,False,Other
192.168.10.71,10.0.228.224,27,TCP ACK,2.5216406363433186,False,Other
192.168.106.241,10.0.117.43,35,eval('exploit'),3.5068905956085183,True,Other
192.168.106.81,10.0.230.147,27,TCP ACK,2.5216406363433186,False,Other
192.168.0.147,10.0.22.119,27,TCP ACK,2.5216406363433186,False,Other
192.168.7.123,10.0.153.144,27,TCP ACK,2.5216406363433186,False,Other
192.168.122.226,10.0.235.146,34,HTTP POST data,3.03914867190307,False,Other
192.168.169.72,10.0.53.63,27,TCP ACK,2.5216406363433186,False,Other
192.168.78.169,10.0.24.139,33,TLS handshake,3.3927474104487847,False,Other
192.168.243.21,10.0.113.161,27,TCP ACK,2.5216406363433186,False,Other
192.168.168.185,10.0.118.82,27,TCP ACK,2.5216406363433186,False,Other
192.168.240.115,10.0.167.17,27,TCP ACK,2.5216406363433186,False,Other
192.168.94.91,10.0.194.29,44,GET /index.html HTTP/1.1,4.053508854797679,False,Other
192.168.205.190,10.0.94.1,33,TLS handshake,3.3927474104487847,False,Other
192.168.85.57,10.0.124.230,44,GET /index.html HTTP/1.1,4.053508854797679,False,Other
192.168.200.71,10.0.149.133,27,TCP ACK,2.5216406363433186,False,Other
192.168.68.92,10.0.243.55,34,HTTP POST data,3.03914867190307,False,Other
192.168.48.97,10.0.64.166,27,TCP ACK,2.5216406363433186,False,Other
192.168.101.130,10.0.27.66,27,TCP ACK,2.5216406363433186,False,Other
192.168.213.86,10.0.95.239,44,GET /index.html HTTP/1.1,4.053508854797679,False,Other
192.168.68.39,10.0.234.84,27,TCP ACK,2.5216406363433186,False,Other
192.168.12.81,10.0.234.49,33,TLS handshake,3.3927474104487847,False,Other
192.168.203.110,10.0.230.197,33,TLS handshake,3.3927474104487847,False,Other
192.168.31.122,10.0.114.17,33,TLS handshake,3.3927474104487847,False,Other
192.168.120.86,10.0.133.242,33,TLS handshake,3.3927474104487847,False,Other
192.168.145.126,10.0.239.235,34,HTTP POST data,3.03914867190307,False,Other
192.168.67.123,10.0.80.152,27,TCP ACK,2.5216406363433186,False,Other
192.168.240.136,10.0.60.45,27,TCP ACK,2.5216406363433186,False,Other
192.168.65.203,10.0.3.128,44,GET /index.html HTTP/1.1,4.053508854797679,False,Other
192.168.75.42,10.0.166.64,34,HTTP POST data,3.03914867190307,False,Other
192.168.59.195,10.0.220.32,34,HTTP POST data,3.03914867190307,False,Other
192.168.132.46,10.0.91.190,33,TLS handshake,3.3927474104487847,False,Other
192.168.94.72,10.0.201.252,44,GET /index.html HTTP/1.1,4.053508854797679,False,Other
192.168.28.200,10.0.128.193,33,TLS handshake,3.3927474104487847,False,Other
192.168.200.197,10.0.233.155,34,HTTP POST data,3.03914867190307,False,Other
192.168.11.27,10.0.5.114,35,eval('exploit'),3.5068905956085183,True,Other
192.168.68.245,10.0.137.97,27,TCP ACK,2.5216406363433186,False,Other
192.168.244.51,10.0.16.125,44,powershell attack script,3.7201755214643453,True,Other
192.168.83.165,10.0.82.155,35,eval('exploit'),3.5068905956085183,True,Other
192.168.56.51,10.0.14.38,33,TLS handshake,3.3927474104487847,False,Other
192.168.104.165,10.0.41.104,34,HTTP POST data,3.03914867190307,False,Other
192.168.120.131,10.0.0.240,44,GET /index.html HTTP/1.1,4.053508854797679,False,Other
192.168.27.37,10.0.46.247,44,powershell attack script,3.7201755214643453,True,Other
192.168.245.209,10.0.144.8,27,TCP ACK,2.5216406363433186,False,Other
192.168.151.199,10.0.160.202,33,TLS handshake,3.3927474104487847,False,Other
192.168.224.205,10.0.52.241,42,cmd.exe /c malware.exe,3.386266142526533,True,Other
192.168.15.171,10.0.28.125,27,TCP ACK,2.5216406363433186,False,Other
192.168.169.220,10.0.137.179,34,HTTP POST data,3.03914867190307,False,Other
192.168.24.37,10.0.246.3,33,TLS handshake,3.3927474104487847,False,Other
192.168.2.220,10.0.120.132,33,TLS handshake,3.3927474104487847,False,Other
192.168.17.105,10.0.203.67,27,TCP ACK,2.5216406363433186,False,Other
192.168.235.251,10.0.157.235,27,TCP ACK,2.5216406363433186,False,Other
192.168.63.254,10.0.193.1,34,virus detected,3.182005814760214,True,Other
192.168.142.111,10.0.73.146,33,TLS handshake,3.3927474104487847,False,Other
192.168.78.189,10.0.182.29,27,TCP ACK,2.5216406363433186,False,Other
192.168.138.205,10.0.36.252,34,HTTP POST data,3.03914867190307,False,Other
192.168.179.167,10.0.75.208,34,HTTP POST data,3.03914867190307,False,Other
192.168.144.224,10.0.125.16,44,GET /index.html HTTP/1.1,4.053508854797679,False,Other
192.168.18.25,10.0.219.138,34,HTTP POST data,3.03914867190307,False,Other
192.168.131.73,10.0.169.204,44,GET /index.html HTTP/1.1,4.053508854797679,False,Other
192.168.50.139,10.0.94.129,33,TLS handshake,3.3927474104487847,False,Other
192.168.82.235,10.0.128.243,27,TCP ACK,2.5216406363433186,False,Other
192.168.150.211,10.0.231.224,34,HTTP POST data,3.03914867190307,False,Other
192.168.0.125,10.0.103.103,27,TCP ACK,2.5216406363433186,False,Other
192.168.175.177,10.0.140.125,33,TLS handshake,3.3927474104487847,False,Other
192.168.80.137,10.0.120.190,34,HTTP POST data,3.03914867190307,False,Other
192.168.255.39,10.0.175.53,42,cmd.exe /c malware.exe,3.386266142526533,True,Other
192.168.73.1,10.0.203.233,34,HTTP POST data,3.03914867190307,False,Other
192.168.65.252,10.0.243.164,27,TCP ACK,2.5216406363433186,False,Other
192.168.134.32,10.0.254.224,27,TCP ACK,2.5216406363433186,False,Other
192.168.160.214,10.0.4.176,27,TCP ACK,2.5216406363433186,False,Other
192.168.208.250,10.0.77.79,34,virus detected,3.182005814760214,True,Other
192.168.44.46,10.0.150.7,44,GET /index.html HTTP/1.1,4.053508854797679,False,Other
192.168.194.172,10.0.159.154,42,cmd.exe /c malware.exe,3.386266142526533,True,Other
192.168.86.242,10.0.40.1,33,TLS handshake,3.3927474104487847,False,Other
192.168.94.120,10.0.147.246,27,TCP ACK,2.5216406363433186,False,Other
192.168.24.219,10.0.148.222,44,GET /index.html HTTP/1.1,4.053508854797679,False,Other
192.168.107.144,10.0.25.182,27,TCP ACK,2.5216406363433186,False,Other
192.168.89.243,10.0.243.131,44,GET /index.html HTTP/1.1,4.053508854797679,False,Other
192.168.199.209,10.0.96.93,34,HTTP POST data,3.03914867190307,False,Other
192.168.80.1,10.0.251.71,34,HTTP POST data,3.03914867190307,False,Other
192.168.239.36,10.0.212.116,44,GET /index.html HTTP/1.1,4.053508854797679,False,Other
192.168.105.32,10.0.147.179,34,HTTP POST data,3.03914867190307,False,Other
192.168.95.77,10.0.236.44,44,GET /index.html HTTP/1.1,4.053508854797679,False,Other
192.168.135.81,10.0.219.183,35,eval('exploit'),3.5068905956085183,True,Other
192.168.238.24,10.0.87.11,27,TCP ACK,2.5216406363433186,False,Other
192.168.152.232,10.0.68.201,34,HTTP POST data,3.03914867190307,False,Other
192.168.122.230,10.0.41.90,33,TLS handshake,3.3927474104487847,False,Other
192.168.231.77,10.0.102.193,34,HTTP POST data,3.03914867190307,False,Other
192.168.7.14,10.0.28.60,34,HTTP POST data,3.03914867190307,False,Other
192.168.164.189,10.0.215.200,27,TCP ACK,2.5216406363433186,False,Other
192.168.79.86,10.0.215.220,33,TLS handshake,3.3927474104487847,False,Other
192.168.173.92,10.0.177.176,33,TLS handshake,3.3927474104487847,False,Other
192.168.57.170,10.0.58.121,44,powershell attack script,3.7201755214643453,True,Other
192.168.246.229,10.0.55.96,44,GET /index.html HTTP/1.1,4.053508854797679,False,Other
192.168.97.168,10.0.183.124,44,GET /index.html HTTP/1.1,4.053508854797679,False,Other
192.168.169.145,10.0.252.221,27,TCP ACK,2.5216406363433186,False,Other
192.168.132.24,10.0.68.174,34,HTTP POST data,3.03914867190307,False,Other
192.168.97.133,10.0.67.197,44,GET /index.html HTTP/1.1,4.053508854797679,False,Other
192.168.62.59,10.0.243.86,44,GET /index.html HTTP/1.1,4.053508854797679,False,Other
192.168.49.247,10.0.113.240,33,TLS handshake,3.3927474104487847,False,Other
192.168.192.27,10.0.148.179,44,GET /index.html HTTP/1.1,4.053508854797679,False,Other
192.168.245.235,10.0.183.95,44,GET /index.html HTTP/1.1,4.053508854797679,False,Other
192.168.170.78,10.0.26.40,33,TLS handshake,3.3927474104487847,False,Other
192.168.191.54,10.0.142.182,27,TCP ACK,2.5216406363433186,False,Other
192.168.152.18,10.0.102.233,27,TCP ACK,2.5216406363433186,False,Other
192.168.191.242,10.0.96.152,34,HTTP POST data,3.03914867190307,False,Other
192.168.103.140,10.0.28.21,33,TLS handshake,3.3927474104487847,False,Other
192.168.22.57,10.0.81.104,34,HTTP POST data,3.03914867190307,False,Other
192.168.211.176,10.0.35.252,34,virus detected,3.182005814760214,True,Other
192.168.93.114,10.0.238.32,27,TCP ACK,2.5216406363433186,False,Other
192.168.129.99,10.0.231.214,33,TLS handshake,3.3927474104487847,False,Other
192.168.212.75,10.0.187.20,44,GET /index.html HTTP/1.1,4.053508854797679,False,Other
192.168.121.66,10.0.36.62,44,GET /index.html HTTP/1.1,4.053508854797679,False,Other
192.168.240.66,10.0.0.127,27,TCP ACK,2.5216406363433186,False,Other
192.168.236.92,10.0.52.24,44,GET /index.html HTTP/1.1,4.053508854797679,False,Other
192.168.115.13,10.0.227.37,33,TLS handshake,3.3927474104487847,False,Other
192.168.75.229,10.0.45.196,27,TCP ACK,2.5216406363433186,False,Other
192.168.77.225,10.0.201.33,44,GET /index.html HTTP/1.1,4.053508854797679,False,Other
192.168.189.239,10.0.95.56,34,HTTP POST data,3.03914867190307,False,Other
192.168.46.196,10.0.192.93,33,TLS handshake,3.3927474104487847,False,Other
192.168.8.3,10.0.215.84,33,TLS handshake,3.3927474104487847,False,Other
192.168.117.213,10.0.147.104,44,GET /index.html HTTP/1.1,4.053508854797679,False,Other
192.168.0.201,10.0.237.99,33,TLS handshake,3.3927474104487847,False,Other
192.168.159.117,10.0.231.3,27,TCP ACK,2.5216406363433186,False,Other
192.168.167.67,10.0.109.179,44,GET /index.html HTTP/1.1,4.053508854797679,False,Other
192.168.178.33,10.0.90.70,27,TCP ACK,2.5216406363433186,False,Other
192.168.22.119,10.0.37.29,44,GET /index.html HTTP/1.1,4.053508854797679,False,Other
192.168.220.175,10.0.231.226,34,HTTP POST data,3.03914867190307,False,Other
192.168.136.246,10.0.81.130,44,GET /index.html HTTP/1.1,4.053508854797679,False,Other
192.168.173.105,10.0.142.21,34,HTTP POST data,3.03914867190307,False,Other
192.168.49.254,10.0.48.151,33,TLS handshake,3.3927474104487847,False,Other
192.168.201.232,10.0.7.204,34,HTTP POST data,3.03914867190307,False,Other
192.168.103.69,10.0.14.206,44,GET /index.html HTTP/1.1,4.053508854797679,False,Other
192.168.202.249,10.0.86.137,27,TCP ACK,2.5216406363433186,False,Other
192.168.211.71,10.0.14.58,44,GET /index.html HTTP/1.1,4.053508854797679,False,Other
192.168.134.146,10.0.41.84,33,TLS handshake,3.3927474104487847,False,Other
192.168.152.132,10.0.57.28,44,GET /index.html HTTP/1.1,4.053508854797679,False,Other
192.168.177.6,10.0.142.57,33,TLS handshake,3.3927474104487847,False,Other
192.168.169.167,10.0.37.121,44,powershell attack script,3.7201755214643453,True,Other
192.168.174.208,10.0.176.75,27,TCP ACK,2.5216406363433186,False,Other
192.168.87.160,10.0.24.145,27,TCP ACK,2.5216406363433186,False,Other
192.168.107.217,10.0.172.100,44,GET /index.html HTTP/1.1,4.053508854797679,False,Other
192.168.234.207,10.0.224.68,44,GET /index.html HTTP/1.1,4.053508854797679,False,Other
192.168.9.228,10.0.255.76,34,virus detected,3.182005814760214,True,Other
192.168.168.205,10.0.187.222,44,GET /index.html HTTP/1.1,4.053508854797679,False,Other
192.168.98.168,10.0.177.36,34,HTTP POST data,3.03914867190307,False,Other
192.168.128.156,10.0.209.25,27,TCP ACK,2.5216406363433186,False,Other
192.168.33.91,10.0.191.64,44,GET /index.html HTTP/1.1,4.053508854797679,False,Other
192.168.209.62,10.0.231.157,27,TCP ACK,2.5216406363433186,False,Other
192.168.191.51,10.0.163.63,27,TCP ACK,2.5216406363433186,False,Other
192.168.4.62,10.0.138.182,33,TLS handshake,3.3927474104487847,False,Other
192.168.244.244,10.0.184.125,34,HTTP POST data,3.03914867190307,False,Other
192.168.184.150,10.0.160.179,44,GET /index.html HTTP/1.1,4.053508854797679,False,Other
192.168.188.239,10.0.239.140,34,HTTP POST data,3.03914867190307,False,Other
192.168.36.44,10.0.85.247,34,HTTP POST data,3.03914867190307,False,Other
192.168.147.139,10.0.247.154,27,TCP ACK,2.5216406363433186,False,Other
192.168.123.46,10.0.33.157,27,TCP ACK,2.5216406363433186,False,Other
192.168.235.198,10.0.154.45,34,HTTP POST data,3.03914867190307,False,Other
192.168.199.18,10.0.35.79,34,virus detected,3.182005814760214,True,Other
192.168.53.70,10.0.209.233,27,TCP ACK,2.5216406363433186,False,Other
192.168.45.250,10.0.124.242,33,TLS handshake,3.3927474104487847,False,Other
192.168.202.146,10.0.148.70,33,TLS handshake,3.3927474104487847,False,Other
192.168.109.206,10.0.164.216,44,powershell attack script,3.7201755214643453,True,Other
192.168.44.123,10.0.31.47,33,TLS handshake,3.3927474104487847,False,Other
192.168.122.240,10.0.112.67,34,HTTP POST data,3.03914867190307,False,Other
192.168.219.10,10.0.155.250,33,TLS handshake,3.3927474104487847,False,Other
192.168.101.41,10.0.168.74,34,HTTP POST data,3.03914867190307,False,Other
192.168.186.67,10.0.208.129,27,TCP ACK,2.5216406363433186,False,Other
192.168.25.95,10.0.82.67,33,TLS handshake,3.3927474104487847,False,Other
192.168.125.4,10.0.197.94,33,TLS handshake,3.3927474104487847,False,Other
192.168.27.48,10.0.119.192,34,HTTP POST data,3.03914867190307,False,Other
192.168.58.170,10.0.233.139,33,TLS handshake,3.3927474104487847,False,Other
192.168.188.94,10.0.124.126,27,TCP ACK,2.5216406363433186,False,Other
192.168.230.182,10.0.54.214,44,GET /index.html HTTP/1.1,4.053508854797679,False,Other
192.168.196.132,10.0.225.101,44,GET /index.html HTTP/1.1,4.053508854797679,False,Other
192.168.108.70,10.0.66.171,33,TLS handshake,3.3927474104487847,False,Other
192.168.220.112,10.0.150.65,34,HTTP POST data,3.03914867190307,False,Other
192.168.103.85,10.0.170.20,27,TCP ACK,2.5216406363433186,False,Other
192.168.202.84,10.0.84.150,44,GET /index.html HTTP/1.1,4.053508854797679,False,Other
192.168.189.18,10.0.125.180,44,powershell attack script,3.7201755214643453,True,Other
192.168.213.250,10.0.252.245,34,HTTP POST data,3.03914867190307,False,Other
192.168.142.163,10.0.246.223,35,eval('exploit'),3.5068905956085183,True,Other
192.168.103.20,10.0.209.92,33,TLS handshake,3.3927474104487847,False,Other
192.168.24.21,10.0.175.228,27,TCP ACK,2.5216406363433186,False,Other
192.168.233.12,10.0.204.130,35,eval('exploit'),3.5068905956085183,True,Other
192.168.246.236,10.0.63.75,33,TLS handshake,3.3927474104487847,False,Other
192.168.12.60,10.0.96.157,33,TLS handshake,3.3927474104487847,False,Other
192.168.86.125,10.0.86.254,33,TLS handshake,3.3927474104487847,False,Other
192.168.47.3,10.0.157.155,44,GET /index.html HTTP/1.1,4.053508854797679,False,Other
192.168.55.62,10.0.228.117,33,TLS handshake,3.3927474104487847,False,Other
192.168.176.206,10.0.39.93,44,GET /index.html HTTP/1.1,4.053508854797679,False,Other
192.168.111.176,10.0.6.244,42,cmd.exe /c malware.exe,3.386266142526533,True,Other
192.168.137.14,10.0.167.167,33,TLS handshake,3.3927474104487847,False,Other
192.168.101.235,10.0.239.137,44,GET /index.html HTTP/1.1,4.053508854797679,False,Other
192.168.171.12,10.0.61.254,34,HTTP POST data,3.03914867190307,False,Other
192.168.87.121,10.0.164.84,34,HTTP POST data,3.03914867190307,False,Other
192.168.164.28,10.0.179.212,33,TLS handshake,3.3927474104487847,False,Other
192.168.72.122,10.0.224.196,27,TCP ACK,2.5216406363433186,False,Other
